"path","bytes","sha256"
".gitignore","495","6000172a2195deff910d82c21b58e1e680c6ed23156733916e2f8fe6be50b921"
"docs/REFERENCES.md","483","86adc18ca6cc6ada5337968c5f453fcef3ac7abd4285b76739ea1c9b48122b5a"
"evidence/checksums/EMCAD_BraTS_Part1_SHA256SUMS.txt","634","b88dfea55dbcdb677449b0fd4cfcf9afcf2c29591438c7b19587b7836b5ac7b7"
"evidence/checksums/EMCAD_BraTS_Run1_FINAL_v2_SHA256SUMS.txt","327","93df869238c2df7ab85e810ea558871a1ef9de0b3de187f3113cc8ce21542cec"
"evidence/checksums/EMCAD_BraTS_Run1_Part2_SHA256SUMS.txt","461","242a47c1bdb47612156a7d90399636ead483bf26ab4d360e8840ad44831327d4"
"evidence/checksums/EMCAD_BraTS_Run1_Part3_SHA256SUMS.txt","461","753ea422b8650eadea115528cbf74ab9f0910c84b101269b401263f3c212b260"
"evidence/checksums/EMCAD_BraTS_Run1_Part4_SHA256SUMS.txt","461","d1988bc4172cf40a9f6f3e02e52bcbe3f309f8f2e35a43a2ab7a4628f44a2fa6"
"evidence/checksums/EMCAD_ClinicDB_5Run_Final_SHA256SUMS.txt","325","b727e50cb3f14773cf76d535119f1b112e5b5936c7dee75b7bd760dc44be8596"
"evidence/checksums/EMCAD_NOTEBOOK1_SHA256SUMS.txt","536","db6387391657027abaed257556783c3d985fb34ac49b4880dbf5be817ea0ea03"
"evidence/environment/ClinicDB_author_split_manifest.csv","16064","3a388a28bff72c53c9fe3195005da63f40edb6f28f4a264d27e28b1fc9d41201"
"evidence/environment/EMCAD_AUTHOR_COMMIT.txt","41","ea6ec98fa96ee242e4b4d79dbaa3940d74986a405a1412438148ca28b50b2daf"
"evidence/environment/EMCAD_ENVIRONMENT.txt","1395","787f26bad889325aabd9a46eddb96f679518aa6e00cbe509cc6b2fac7406f282"
"evidence/environment/PVT_V2_B2_SHA256.txt","99","e3fc555e0a3a82364792bdd2fb530617c8e97022a8544c06f5f3d9375ff25d90"
"evidence/logs/clinicdb_testing_aggregation.log","3987","bc78f6558d5cbf820a434413fae68f978a142d7e6b922a86034f87a643d5bc82"
"evidence/logs/EMCAD_BraTS_Part1_stdout.log","32475","5b42086a7e8fd8c56b4be1fd9c79d9c93b9f8c01e9023d275b82ad719d6ad147"
"evidence/logs/EMCAD_BraTS_Run1_Part2_stdout.log","13988","892ec44451c027f0e633d96cb36b91ff67ed650cac401a4df5dbdd71e6385891"
"evidence/logs/EMCAD_BraTS_Run1_Part3_stdout.log","13553","39d1a8cf060b4c9fb89b235a10d633b1273480a01229a993ce6709c10cbc9556"
"evidence/logs/EMCAD_BraTS_Run1_Part4_stdout.log","13684","6964023b0f1910ccfbcd0c402711da23cd471c7ba5c096c7e30cd500a24ca60f"
"evidence/logs/EMCAD_BraTS_Run1_Part5_FINAL_v2_stdout.log","16667","6d6ea12ed036f3ed5b0d109253dd489354450a5d71cc31862ce6d5436a1ee495"
"evidence/logs/EMCAD_Visualization_stdout.log","4107","09aae987e818268c990cf0e5e9ceecd2aff1ea79e1afa82de425c6ea45c4dc9f"
"evidence/logs/emcad-clinicdb-reference-replication.log","488632","33e17801f8a20155cebf04e043b5e7ffda834466986ee5b6cebdee608800de4b"
"large_artifacts/README.md","3145","fba8eeae6b1af7631346426f48a885cfc8bb178f0c9e8c6a8908b2d3ffdcfa85"
"notebooks/01_clinicdb_replication/00_environment_preparation.ipynb","219780","c511e09c4ef9336bf4c52fe3180c806b737854ccb537c194cdcafd3795708d8d"
"notebooks/01_clinicdb_replication/01_train_run1.ipynb","74407","51a4e02a38ee5c9b78e776fd87b6ab5f3a0c8b1fb8407f84b90f135b17609d6d"
"notebooks/01_clinicdb_replication/02_train_run2.ipynb","74477","ead4f3db2a24719be2c31f3bca946f297cdc0065c4daa080a671b76338ed1330"
"notebooks/01_clinicdb_replication/03_train_run3.ipynb","74478","ac436eb7720c1b9d7e495d056442b9d4c4c9996eaa70240f3e3a928ae714fd22"
"notebooks/01_clinicdb_replication/04_train_run4.ipynb","74745","f42a76475e4ea1248079ac385ccd04665c2a4d5bf8b32d27796ce99a3dbbff8c"
"notebooks/01_clinicdb_replication/05_train_run5.ipynb","74740","6148558828ad0871aa7dd7070168937443a80c38bbb1801b5ea731ce29e3bcd0"
"notebooks/01_clinicdb_replication/06_testing_aggregation_evidence.ipynb","116852","15fd321cb5920c30d44f6db0c9563b02bfaac8cce9383c6a74ec3bb67d928d80"
"notebooks/02_brats_adaptation/00_brats_preparation.ipynb","75132","34b4357266ef2b4523db44f20d62cf637a3173af966661715e1d8768837c0157"
"notebooks/02_brats_adaptation/01_epochs_001_050.ipynb","62033","48e949996aa1e64f3bcee1c8c779265f24501933ec9702e2c23e22d10dc0ab4c"
"notebooks/02_brats_adaptation/02_epochs_051_100.ipynb","64565","3469771c5c1fa49c9ee0df425735f1cb0411e7cf396cb1ec969741c55d0d46b6"
"notebooks/02_brats_adaptation/03_epochs_101_150.ipynb","64909","e9798da9a6626dbe4c16ec953297af24c0dddf05f8ba5132b6993ca95ab4b263"
"notebooks/02_brats_adaptation/04_epochs_151_200_final_test.ipynb","122519","d33541422f954734b817554817bf4142370e6d037616c9e7445f3b6a5558f8f9"
"notebooks/03_visualization/00_final_qualitative_visualization.ipynb","4926801","7d85618a92470278f54aed883686b3e1ce9e9334819b61fb3bb46c44a243298c"
"README.md","7141","8a639ba8877bd840d265e7632a9823d285953d712a45612f1ce495c6089b5978"
"REPRODUCIBILITY.md","6269","eb3c3a380b8c271f632895448f73cae622010a9029a45675629d4554e4927558"
"results/experiment_1_clinicdb/clinicdb_5run_results.csv","476","f31e93a384c2943021728f993dbc6cf050121731b62299b010bac7dc49c3723d"
"results/experiment_1_clinicdb/EMCAD_ClinicDB_5Run_Final_Results.zip","763476","4108d6aaa3ad35c38d17776057f80b0189fdc3fd0c427766e9d288a7da426a9c"
"results/experiment_1_clinicdb/EMCAD_ClinicDB_5Run_Replication_Results.xlsx","175633","87caa9ffb6874c62e9f66d028b5b52f7814b7fc3c559ccf159879bf841f82ffe"
"results/experiment_2_brats/EMCAD_BraTS_Run1_FINAL_Evidence_v2.zip","130820","65dce78a871dce635d00834598f406a032d7cc060a5b0cb3c79aebae2bfc3d86"
"results/experiment_2_brats/EMCAD_BraTS_Run1_FINAL_Predictions_v2.tar.gz","2529564","15c866a2082d316ac500315d6b17183c2321e62f777048753e5493b2bc2aca54"
"results/figures/01_ClinicDB_Qualitative_Gallery.png","1244008","4856f284846d7f3eee6fa3375af64e62c2ff9a785d481fba64cf160c0387ea8f"
"results/figures/02_ClinicDB_Per_Image_Dice.png","58191","4debf3e96383699e9ef0c02d71d929e21dfe7798ff77087dcae14458a4a646c9"
"results/figures/03_ClinicDB_Validation_Dice_5Runs.png","255222","915c75b69cdc728dfc5daed8fd253a7ab7cf502af4bae0b0545f447a8e645aff"
"results/figures/04_ClinicDB_Published_vs_Replication.png","60308","e77e6f64b3a3098cad499f1fba8279858f4f1f46788495bafda98a8ccca7ae40"
"results/figures/05_BraTS_Qualitative_Gallery.png","1550214","edf5d5d49da7952de9ce92a267f664a5f752630594575b4c07512e4ea793c5db"
"results/figures/06_BraTS_Per_Patient_Dice.png","54720","211dd3e5c49b6306a3ccd9eecf78dcd22758cc12a943de80e1c9814833e7fc86"
"results/figures/07_BraTS_Per_Patient_IoU.png","49822","7f947e4232f191e003975bbeb7c410fbfbc24dcf4795d1d6cab410c767a03bfc"
"results/figures/08_BraTS_HD95.png","46613","52bcf06fb1273c2a59819336281f09bffc79c00f94089adc8b84e76d1bd3704e"
"results/figures/09_BraTS_Validation_Dice_to_Epoch150.png","163314","925873e22f14bc16b382ceb6e9b8dd5c84a2a86c277a143b15e6a5cf6703049c"
"results/figures/10_EMCAD_Result_Summary.png","154521","da4c88e17c84e42f76c47a18896c9f18992e96c5c4ed7a5da75658c4a613ef70"
"results/summary/summary_metrics.csv","1011","b51b3590ced5fdfafdde31f4c59b95a40fb4efd8f11e5033ed8bdf5fdae880de"
