frame_id,source_filename,staged_filename,split
1,1.tif,1.png,train
2,2.tif,2.png,train
6,6.tif,6.png,train
7,7.tif,7.png,train
9,9.tif,9.png,train
11,11.tif,11.png,train
12,12.tif,12.png,train
13,13.tif,13.png,train
14,14.tif,14.png,train
15,15.tif,15.png,train
16,16.tif,16.png,train
17,17.tif,17.png,train
18,18.tif,18.png,train
19,19.tif,19.png,train
20,20.tif,20.png,train
21,21.tif,21.png,train
22,22.tif,22.png,train
23,23.tif,23.png,train
24,24.tif,24.png,train
25,25.tif,25.png,train
26,26.tif,26.png,train
28,28.tif,28.png,train
30,30.tif,30.png,train
31,31.tif,31.png,train
32,32.tif,32.png,train
35,35.tif,35.png,train
37,37.tif,37.png,train
38,38.tif,38.png,train
39,39.tif,39.png,train
41,41.tif,41.png,train
42,42.tif,42.png,train
43,43.tif,43.png,train
44,44.tif,44.png,train
45,45.tif,45.png,train
46,46.tif,46.png,train
47,47.tif,47.png,train
48,48.tif,48.png,train
49,49.tif,49.png,train
50,50.tif,50.png,train
51,51.tif,51.png,train
52,52.tif,52.png,train
53,53.tif,53.png,train
54,54.tif,54.png,train
55,55.tif,55.png,train
56,56.tif,56.png,train
57,57.tif,57.png,train
58,58.tif,58.png,train
61,61.tif,61.png,train
62,62.tif,62.png,train
63,63.tif,63.png,train
65,65.tif,65.png,train
66,66.tif,66.png,train
67,67.tif,67.png,train
68,68.tif,68.png,train
69,69.tif,69.png,train
70,70.tif,70.png,train
71,71.tif,71.png,train
72,72.tif,72.png,train
73,73.tif,73.png,train
74,74.tif,74.png,train
75,75.tif,75.png,train
76,76.tif,76.png,train
77,77.tif,77.png,train
78,78.tif,78.png,train
79,79.tif,79.png,train
82,82.tif,82.png,train
83,83.tif,83.png,train
84,84.tif,84.png,train
85,85.tif,85.png,train
86,86.tif,86.png,train
87,87.tif,87.png,train
88,88.tif,88.png,train
90,90.tif,90.png,train
91,91.tif,91.png,train
92,92.tif,92.png,train
93,93.tif,93.png,train
94,94.tif,94.png,train
95,95.tif,95.png,train
96,96.tif,96.png,train
97,97.tif,97.png,train
98,98.tif,98.png,train
99,99.tif,99.png,train
100,100.tif,100.png,train
101,101.tif,101.png,train
102,102.tif,102.png,train
103,103.tif,103.png,train
104,104.tif,104.png,train
105,105.tif,105.png,train
106,106.tif,106.png,train
107,107.tif,107.png,train
108,108.tif,108.png,train
110,110.tif,110.png,train
111,111.tif,111.png,train
112,112.tif,112.png,train
113,113.tif,113.png,train
114,114.tif,114.png,train
115,115.tif,115.png,train
116,116.tif,116.png,train
118,118.tif,118.png,train
119,119.tif,119.png,train
120,120.tif,120.png,train
121,121.tif,121.png,train
122,122.tif,122.png,train
123,123.tif,123.png,train
124,124.tif,124.png,train
126,126.tif,126.png,train
127,127.tif,127.png,train
130,130.tif,130.png,train
131,131.tif,131.png,train
132,132.tif,132.png,train
133,133.tif,133.png,train
134,134.tif,134.png,train
135,135.tif,135.png,train
136,136.tif,136.png,train
137,137.tif,137.png,train
138,138.tif,138.png,train
140,140.tif,140.png,train
141,141.tif,141.png,train
142,142.tif,142.png,train
143,143.tif,143.png,train
144,144.tif,144.png,train
145,145.tif,145.png,train
146,146.tif,146.png,train
147,147.tif,147.png,train
148,148.tif,148.png,train
149,149.tif,149.png,train
150,150.tif,150.png,train
151,151.tif,151.png,train
152,152.tif,152.png,train
153,153.tif,153.png,train
154,154.tif,154.png,train
155,155.tif,155.png,train
157,157.tif,157.png,train
158,158.tif,158.png,train
160,160.tif,160.png,train
161,161.tif,161.png,train
162,162.tif,162.png,train
164,164.tif,164.png,train
165,165.tif,165.png,train
166,166.tif,166.png,train
168,168.tif,168.png,train
170,170.tif,170.png,train
172,172.tif,172.png,train
174,174.tif,174.png,train
175,175.tif,175.png,train
176,176.tif,176.png,train
177,177.tif,177.png,train
178,178.tif,178.png,train
179,179.tif,179.png,train
180,180.tif,180.png,train
183,183.tif,183.png,train
184,184.tif,184.png,train
185,185.tif,185.png,train
186,186.tif,186.png,train
187,187.tif,187.png,train
188,188.tif,188.png,train
189,189.tif,189.png,train
190,190.tif,190.png,train
192,192.tif,192.png,train
194,194.tif,194.png,train
195,195.tif,195.png,train
196,196.tif,196.png,train
201,201.tif,201.png,train
202,202.tif,202.png,train
204,204.tif,204.png,train
205,205.tif,205.png,train
206,206.tif,206.png,train
207,207.tif,207.png,train
208,208.tif,208.png,train
209,209.tif,209.png,train
210,210.tif,210.png,train
211,211.tif,211.png,train
213,213.tif,213.png,train
215,215.tif,215.png,train
216,216.tif,216.png,train
217,217.tif,217.png,train
219,219.tif,219.png,train
221,221.tif,221.png,train
224,224.tif,224.png,train
226,226.tif,226.png,train
227,227.tif,227.png,train
230,230.tif,230.png,train
231,231.tif,231.png,train
233,233.tif,233.png,train
234,234.tif,234.png,train
235,235.tif,235.png,train
236,236.tif,236.png,train
237,237.tif,237.png,train
238,238.tif,238.png,train
239,239.tif,239.png,train
240,240.tif,240.png,train
242,242.tif,242.png,train
243,243.tif,243.png,train
245,245.tif,245.png,train
246,246.tif,246.png,train
247,247.tif,247.png,train
249,249.tif,249.png,train
250,250.tif,250.png,train
251,251.tif,251.png,train
252,252.tif,252.png,train
253,253.tif,253.png,train
255,255.tif,255.png,train
256,256.tif,256.png,train
257,257.tif,257.png,train
258,258.tif,258.png,train
259,259.tif,259.png,train
260,260.tif,260.png,train
261,261.tif,261.png,train
264,264.tif,264.png,train
265,265.tif,265.png,train
267,267.tif,267.png,train
268,268.tif,268.png,train
269,269.tif,269.png,train
270,270.tif,270.png,train
271,271.tif,271.png,train
272,272.tif,272.png,train
273,273.tif,273.png,train
274,274.tif,274.png,train
275,275.tif,275.png,train
276,276.tif,276.png,train
277,277.tif,277.png,train
278,278.tif,278.png,train
280,280.tif,280.png,train
281,281.tif,281.png,train
282,282.tif,282.png,train
283,283.tif,283.png,train
284,284.tif,284.png,train
285,285.tif,285.png,train
286,286.tif,286.png,train
288,288.tif,288.png,train
289,289.tif,289.png,train
290,290.tif,290.png,train
291,291.tif,291.png,train
292,292.tif,292.png,train
293,293.tif,293.png,train
294,294.tif,294.png,train
296,296.tif,296.png,train
297,297.tif,297.png,train
298,298.tif,298.png,train
299,299.tif,299.png,train
300,300.tif,300.png,train
301,301.tif,301.png,train
302,302.tif,302.png,train
303,303.tif,303.png,train
304,304.tif,304.png,train
305,305.tif,305.png,train
306,306.tif,306.png,train
308,308.tif,308.png,train
309,309.tif,309.png,train
310,310.tif,310.png,train
311,311.tif,311.png,train
313,313.tif,313.png,train
315,315.tif,315.png,train
316,316.tif,316.png,train
319,319.tif,319.png,train
320,320.tif,320.png,train
322,322.tif,322.png,train
323,323.tif,323.png,train
324,324.tif,324.png,train
325,325.tif,325.png,train
326,326.tif,326.png,train
329,329.tif,329.png,train
330,330.tif,330.png,train
331,331.tif,331.png,train
332,332.tif,332.png,train
333,333.tif,333.png,train
334,334.tif,334.png,train
335,335.tif,335.png,train
336,336.tif,336.png,train
337,337.tif,337.png,train
338,338.tif,338.png,train
339,339.tif,339.png,train
341,341.tif,341.png,train
342,342.tif,342.png,train
344,344.tif,344.png,train
345,345.tif,345.png,train
346,346.tif,346.png,train
347,347.tif,347.png,train
349,349.tif,349.png,train
351,351.tif,351.png,train
354,354.tif,354.png,train
356,356.tif,356.png,train
357,357.tif,357.png,train
358,358.tif,358.png,train
361,361.tif,361.png,train
362,362.tif,362.png,train
365,365.tif,365.png,train
366,366.tif,366.png,train
367,367.tif,367.png,train
368,368.tif,368.png,train
369,369.tif,369.png,train
370,370.tif,370.png,train
371,371.tif,371.png,train
372,372.tif,372.png,train
373,373.tif,373.png,train
374,374.tif,374.png,train
375,375.tif,375.png,train
376,376.tif,376.png,train
377,377.tif,377.png,train
379,379.tif,379.png,train
380,380.tif,380.png,train
381,381.tif,381.png,train
382,382.tif,382.png,train
383,383.tif,383.png,train
384,384.tif,384.png,train
385,385.tif,385.png,train
386,386.tif,386.png,train
387,387.tif,387.png,train
388,388.tif,388.png,train
389,389.tif,389.png,train
391,391.tif,391.png,train
393,393.tif,393.png,train
395,395.tif,395.png,train
396,396.tif,396.png,train
397,397.tif,397.png,train
398,398.tif,398.png,train
399,399.tif,399.png,train
400,400.tif,400.png,train
401,401.tif,401.png,train
402,402.tif,402.png,train
403,403.tif,403.png,train
404,404.tif,404.png,train
405,405.tif,405.png,train
406,406.tif,406.png,train
407,407.tif,407.png,train
408,408.tif,408.png,train
409,409.tif,409.png,train
410,410.tif,410.png,train
411,411.tif,411.png,train
412,412.tif,412.png,train
413,413.tif,413.png,train
414,414.tif,414.png,train
415,415.tif,415.png,train
417,417.tif,417.png,train
419,419.tif,419.png,train
420,420.tif,420.png,train
421,421.tif,421.png,train
422,422.tif,422.png,train
423,423.tif,423.png,train
424,424.tif,424.png,train
426,426.tif,426.png,train
427,427.tif,427.png,train
428,428.tif,428.png,train
429,429.tif,429.png,train
430,430.tif,430.png,train
431,431.tif,431.png,train
432,432.tif,432.png,train
434,434.tif,434.png,train
435,435.tif,435.png,train
436,436.tif,436.png,train
438,438.tif,438.png,train
439,439.tif,439.png,train
442,442.tif,442.png,train
444,444.tif,444.png,train
445,445.tif,445.png,train
446,446.tif,446.png,train
447,447.tif,447.png,train
448,448.tif,448.png,train
449,449.tif,449.png,train
450,450.tif,450.png,train
452,452.tif,452.png,train
453,453.tif,453.png,train
454,454.tif,454.png,train
455,455.tif,455.png,train
456,456.tif,456.png,train
457,457.tif,457.png,train
458,458.tif,458.png,train
459,459.tif,459.png,train
460,460.tif,460.png,train
461,461.tif,461.png,train
462,462.tif,462.png,train
463,463.tif,463.png,train
464,464.tif,464.png,train
465,465.tif,465.png,train
466,466.tif,466.png,train
467,467.tif,467.png,train
469,469.tif,469.png,train
470,470.tif,470.png,train
472,472.tif,472.png,train
474,474.tif,474.png,train
475,475.tif,475.png,train
476,476.tif,476.png,train
477,477.tif,477.png,train
478,478.tif,478.png,train
479,479.tif,479.png,train
480,480.tif,480.png,train
481,481.tif,481.png,train
482,482.tif,482.png,train
483,483.tif,483.png,train
484,484.tif,484.png,train
485,485.tif,485.png,train
489,489.tif,489.png,train
490,490.tif,490.png,train
492,492.tif,492.png,train
493,493.tif,493.png,train
495,495.tif,495.png,train
496,496.tif,496.png,train
498,498.tif,498.png,train
499,499.tif,499.png,train
500,500.tif,500.png,train
501,501.tif,501.png,train
502,502.tif,502.png,train
503,503.tif,503.png,train
504,504.tif,504.png,train
508,508.tif,508.png,train
509,509.tif,509.png,train
510,510.tif,510.png,train
511,511.tif,511.png,train
512,512.tif,512.png,train
515,515.tif,515.png,train
517,517.tif,517.png,train
518,518.tif,518.png,train
519,519.tif,519.png,train
520,520.tif,520.png,train
521,521.tif,521.png,train
522,522.tif,522.png,train
523,523.tif,523.png,train
524,524.tif,524.png,train
525,525.tif,525.png,train
526,526.tif,526.png,train
527,527.tif,527.png,train
529,529.tif,529.png,train
530,530.tif,530.png,train
532,532.tif,532.png,train
533,533.tif,533.png,train
534,534.tif,534.png,train
535,535.tif,535.png,train
536,536.tif,536.png,train
537,537.tif,537.png,train
538,538.tif,538.png,train
540,540.tif,540.png,train
541,541.tif,541.png,train
542,542.tif,542.png,train
543,543.tif,543.png,train
544,544.tif,544.png,train
545,545.tif,545.png,train
546,546.tif,546.png,train
547,547.tif,547.png,train
549,549.tif,549.png,train
550,550.tif,550.png,train
551,551.tif,551.png,train
553,553.tif,553.png,train
554,554.tif,554.png,train
556,556.tif,556.png,train
557,557.tif,557.png,train
558,558.tif,558.png,train
559,559.tif,559.png,train
560,560.tif,560.png,train
561,561.tif,561.png,train
562,562.tif,562.png,train
563,563.tif,563.png,train
564,564.tif,564.png,train
566,566.tif,566.png,train
567,567.tif,567.png,train
570,570.tif,570.png,train
571,571.tif,571.png,train
573,573.tif,573.png,train
574,574.tif,574.png,train
577,577.tif,577.png,train
578,578.tif,578.png,train
579,579.tif,579.png,train
580,580.tif,580.png,train
581,581.tif,581.png,train
582,582.tif,582.png,train
583,583.tif,583.png,train
584,584.tif,584.png,train
585,585.tif,585.png,train
586,586.tif,586.png,train
587,587.tif,587.png,train
588,588.tif,588.png,train
589,589.tif,589.png,train
592,592.tif,592.png,train
595,595.tif,595.png,train
596,596.tif,596.png,train
597,597.tif,597.png,train
598,598.tif,598.png,train
599,599.tif,599.png,train
600,600.tif,600.png,train
601,601.tif,601.png,train
602,602.tif,602.png,train
603,603.tif,603.png,train
604,604.tif,604.png,train
605,605.tif,605.png,train
606,606.tif,606.png,train
607,607.tif,607.png,train
609,609.tif,609.png,train
610,610.tif,610.png,train
611,611.tif,611.png,train
612,612.tif,612.png,train
3,3.tif,3.png,val
4,4.tif,4.png,val
10,10.tif,10.png,val
33,33.tif,33.png,val
34,34.tif,34.png,val
36,36.tif,36.png,val
60,60.tif,60.png,val
80,80.tif,80.png,val
81,81.tif,81.png,val
109,109.tif,109.png,val
163,163.tif,163.png,val
173,173.tif,173.png,val
181,181.tif,181.png,val
191,191.tif,191.png,val
197,197.tif,197.png,val
198,198.tif,198.png,val
200,200.tif,200.png,val
203,203.tif,203.png,val
214,214.tif,214.png,val
218,218.tif,218.png,val
228,228.tif,228.png,val
229,229.tif,229.png,val
241,241.tif,241.png,val
244,244.tif,244.png,val
254,254.tif,254.png,val
262,262.tif,262.png,val
266,266.tif,266.png,val
279,279.tif,279.png,val
295,295.tif,295.png,val
307,307.tif,307.png,val
312,312.tif,312.png,val
314,314.tif,314.png,val
318,318.tif,318.png,val
343,343.tif,343.png,val
348,348.tif,348.png,val
350,350.tif,350.png,val
353,353.tif,353.png,val
355,355.tif,355.png,val
364,364.tif,364.png,val
392,392.tif,392.png,val
418,418.tif,418.png,val
433,433.tif,433.png,val
437,437.tif,437.png,val
443,443.tif,443.png,val
471,471.tif,471.png,val
473,473.tif,473.png,val
486,486.tif,486.png,val
491,491.tif,491.png,val
497,497.tif,497.png,val
506,506.tif,506.png,val
507,507.tif,507.png,val
514,514.tif,514.png,val
516,516.tif,516.png,val
531,531.tif,531.png,val
548,548.tif,548.png,val
552,552.tif,552.png,val
555,555.tif,555.png,val
565,565.tif,565.png,val
568,568.tif,568.png,val
569,569.tif,569.png,val
576,576.tif,576.png,val
5,5.tif,5.png,test
8,8.tif,8.png,test
27,27.tif,27.png,test
29,29.tif,29.png,test
40,40.tif,40.png,test
59,59.tif,59.png,test
64,64.tif,64.png,test
89,89.tif,89.png,test
117,117.tif,117.png,test
125,125.tif,125.png,test
128,128.tif,128.png,test
129,129.tif,129.png,test
139,139.tif,139.png,test
156,156.tif,156.png,test
159,159.tif,159.png,test
167,167.tif,167.png,test
169,169.tif,169.png,test
171,171.tif,171.png,test
182,182.tif,182.png,test
193,193.tif,193.png,test
199,199.tif,199.png,test
212,212.tif,212.png,test
220,220.tif,220.png,test
222,222.tif,222.png,test
223,223.tif,223.png,test
225,225.tif,225.png,test
232,232.tif,232.png,test
248,248.tif,248.png,test
263,263.tif,263.png,test
287,287.tif,287.png,test
317,317.tif,317.png,test
321,321.tif,321.png,test
327,327.tif,327.png,test
328,328.tif,328.png,test
340,340.tif,340.png,test
352,352.tif,352.png,test
359,359.tif,359.png,test
360,360.tif,360.png,test
363,363.tif,363.png,test
378,378.tif,378.png,test
390,390.tif,390.png,test
394,394.tif,394.png,test
416,416.tif,416.png,test
425,425.tif,425.png,test
440,440.tif,440.png,test
441,441.tif,441.png,test
451,451.tif,451.png,test
468,468.tif,468.png,test
487,487.tif,487.png,test
488,488.tif,488.png,test
494,494.tif,494.png,test
505,505.tif,505.png,test
513,513.tif,513.png,test
528,528.tif,528.png,test
539,539.tif,539.png,test
572,572.tif,572.png,test
575,575.tif,575.png,test
590,590.tif,590.png,test
591,591.tif,591.png,test
593,593.tif,593.png,test
594,594.tif,594.png,test
608,608.tif,608.png,test
